x_1,x_2,f
1.6352582495385122,-0.9280050244400809,-0.18732861487941924
0.7112510660537414,0.4366733047172048,1.0974596894952395
-0.16414363870624435,0.024102861531007755,0.7986041943657032
1.4615255619953127,0.2670135165691876,-0.06777801112271904
0.4899833827317891,-1.4754108429630608,-0.49141578032568034
1.0048664993137364,-0.7843997947425105,-0.19283788415903497
-1.1534913355134369,-1.2487030354977908,-0.1728160735555392
-0.5456635842525958,1.0756440175229092,1.5295178636171616
0.265588650851434,0.39709817643777395,0.09004509774865699
-0.7671990195481182,-1.2449196733393622,-0.24562580979689597
-0.18709676330763805,0.3682689138292172,0.24384424127455828
-1.1598572611466575,-1.3286088715845121,-0.17773101162438115
-0.5310084202233316,1.4147158836491092,0.5113284340972949
0.4085215068649108,-0.5438879161039066,-1.0735911322874154
-0.08498413789682634,1.4655652342293672,0.9827911711996347
-0.22962091586991043,1.7542391751212043,-0.005515146378309196
-0.3477285184910356,-0.25729478033435416,1.6330986715281441
-1.0589443706696224,-1.5081565488529973,-0.18317777300107244
0.5605050999840274,0.1656728516934436,1.258488791057363
0.9827594022453614,0.5248996132080093,0.5345995243165153
-1.041580440578746,1.7539180071012497,-0.1793777394046776
0.6017346619504393,1.0406443273708073,1.23249978471398
-1.396165548195227,1.607130621697197,-0.1872708212249486
0.06266799318990213,0.43699026091564264,0.18811821614852936
-0.9864228152616751,1.4789953410504668,-0.11856062249185073
0.1842008659782424,-0.2579067476984718,0.015772455292257202
0.28739289475030694,-0.3664274533501365,-0.3143321812099375
0.6200805631947709,0.379058036209209,1.1190401088294686
0.8435847893830655,-0.19303526966117224,1.275099784030692
-0.9806601856279756,1.517392776538386,-0.12885164260745482
1.070914355163484,0.20720815652713748,0.7419092204834983
0.43912428371465323,-0.10609524329846233,0.6708836552783642
-1.0925964194379898,-1.6675373076381708,-0.18657780876458022
-1.2446821294417054,-1.1109347797129867,-0.16973316528723012
-0.08618885493352042,-0.6144003157064101,-1.0578244854801213
1.4501024721998657,1.0461129941159562,-0.17370501661936308
0.23281481998004377,1.7074168764624607,0.05050827637806711
-0.08857461707687624,-0.5014497702977504,0.10760111728914332
1.0221699456017876,0.7422829578438003,0.222024951546937
-0.48624643679890733,1.2948756058740842,1.076293098122411
-0.8237606394552165,-0.15101915692980605,-1.0638390217236613
-1.6368131871709692,0.6246679361487966,-0.21175873944611323
0.8552553638009285,0.03394777089804424,1.5209531463976156
-0.5786155764902726,-1.6578664206788403,-0.2149773699948068
0.11366501482918889,0.7853208455567305,2.9903686904239657
-0.1395401206060689,1.3673328865024548,1.5701461335565627
1.2597593693379543,0.23014690988492453,0.21830555712903219
-1.6381525517945128,-0.1301629499748081,-0.23839055187689773
1.7311264391977688,-0.0695888370707152,-0.17128987470337523
1.3167630505500303,1.562787185515259,-0.1849808738151282
0.905674341782317,-1.6364421474465953,-0.20697190396555656
-0.8811390225665644,0.6296331926244583,-0.6442365046893208
-1.1147249276567037,0.8388439174137827,-0.24004163450415025
1.697667251752487,0.1251983452142444,-0.16513475238456157
0.9641828492952349,1.7027274088141435,-0.17101548259153476
-0.5077082414784101,0.8129378102602093,1.4191864594765768
0.21098306173630402,-1.1027425700223192,-2.6601609031900133
0.82886854133562,-0.17890275432112004,1.33042385927127
-1.767104080870632,0.44689324248108037,-0.2034451013262747
0.2735650925861053,1.4070469977566185,1.0179578589322158
0.22461737730994313,0.8658841529108164,3.1131425239315402
-1.6126911110694186,-0.40708079547815823,-0.21640052865171425
-1.20846537225087,1.3584162812873914,-0.16222537542309381
1.7361320056201441,-0.8008012809088717,-0.18717622929730152
0.33368612592557106,1.7320813582317525,-0.01989265057012692
-1.2573196172804124,0.3303548688827549,-0.6463014186637361
-0.3940451756399738,0.4092697940347284,-0.18555251516870772
1.2594674613688888,-0.3729989697447714,0.08302111647018735
-1.3911129656321757,-0.8631248025455216,-0.17918226809728924
1.0696236106010766,-0.46465207030456523,0.2568749805487325
0.9972459964350222,-0.43488025932147134,0.41833327571526896
1.02779287442524,0.1760434546542656,0.9119806310651862
-0.3497284672643185,-1.654746357070655,-0.2726574810250953
0.7669284740970066,0.8124106156803931,0.7381812893194398
-1.7411997069396552,-0.9634689130132743,-0.1888201686059888
-0.8786997131945079,-1.5688675685835949,-0.18804203826065174
-1.1180886292728343,-1.6820949791598663,-0.18694089786811433
-1.2100161147599398,1.7727638424023595,-0.18641664934014407
-0.038190662177480565,0.4691208988183067,0.4682386819521788
-1.2389282359868892,-0.47736542389261616,-0.29551768179617544
-0.9740227595685269,1.57565423984218,-0.143441843197589
-0.3360334862135459,-1.0702580833522235,-1.5499164091729274
-0.46471017925810054,0.6822261445970064,0.9050194195958127
-1.1383591130585942,-1.3147004302135212,-0.17635229462835966
-0.3742074458815542,0.3303143460135936,-0.20151500570520442
0.04126547350538155,1.6598337677501613,0.20220498191934358
0.3736644629957033,1.3476264264019662,1.0742039755827915
-0.4080698597942894,-0.4626069668946576,1.4093352748842523
0.11435965489018249,-0.27451557052914755,0.18244835649424723
-1.0829940424867077,-0.5271433399616937,-0.2332086607682135
-0.2704270339356769,-0.11389967688076683,1.3079272637996022
1.2349690095548789,-0.5474635137064303,-0.01717924789837849
1.4660146880498204,-1.559776523327271,-0.18964575892361643
-1.648574605301957,0.13809709572994142,-0.24261763761906602
0.6966442184103635,-0.5907444226828434,-0.1994404593583292
-1.162982548785862,-0.2953118253044061,-0.5604205185626876
-1.1539109535728758,1.584530336750005,-0.17499824337258443
-1.1476512249562008,0.15104142486898098,-1.0267188590479888
0.5750928773625935,0.5355856162354764,0.9622823593856689
0.38893775750028475,-0.31335408845263685,0.10006972891432549
-1.1899022315888157,-1.323557319472014,-0.1784853216073801
1.6573411461846475,-1.030598108290189,-0.1885919394551995
0.6039012434296595,0.31223164596394826,1.1932570923901724
0.1979327922577529,-1.5361439788267142,-0.5543688482499054
-0.2097827553047579,0.060799648168511806,0.7228776572474402
1.635861106444432,-0.3094204954005427,-0.16088918109945227
-0.014450589004372112,1.415423962347554,1.306469803613132
1.6417472128475539,-0.5750297464040618,-0.17655929227652684
1.2868684180605514,0.06382301287701099,0.20283907364518583
-0.972500846022827,0.21971614316912885,-1.5109230533376707
0.7287125957076755,-0.553458252343283,0.03830044116711659
-0.21500440569498944,0.07793684707464282,0.6703889133572394
0.09722851407181278,0.7074259886914028,2.3238617499551464
-1.2511968367889055,-0.9051186393017843,-0.16024434185403225
0.5354757961004877,1.5648833879796435,0.09880313198964723
-1.6286596162637617,-0.9436077310323685,-0.18782274901746174
-0.02329618422094764,-1.0498327465746684,-2.98226849409736
-0.20830493403783265,-1.663146543391873,-0.3073412597573548
1.0149754863133318,1.6614542435226014,-0.1713360630628415
-0.709186983774229,1.4947334783021016,0.06645346605247852
-0.6525662101589613,0.7018876361285838,0.12561701798568525
0.7271669639368653,0.06570747724613374,1.676248947311859
-1.573899677878236,1.7421339817624752,-0.189139869538792
1.359957439876011,-0.47198720837376007,-0.06902435909583039
-1.588572106935329,1.5973226657704043,-0.1889332094380278
1.3648402004926103,1.4167338611080678,-0.18265095771293632
-0.6987028097408422,-1.0038615894744605,-0.2830831879839837
0.42021541341954205,0.41942037420839595,0.5526431721414768
-1.6580702772576863,-1.0396522270154187,-0.18803695603586312
-1.5046571950112912,-0.3700646178366437,-0.2508957372805076
0.6681742474199794,-0.8946362883499603,-1.1131049808008306
-1.3660038927050824,-0.3996627531733322,-0.29983272919826015
-0.19406065396991407,-1.201732993534282,-1.6782856915553626
1.325724782180468,0.8960560220790933,-0.13018218630247763
-0.76754030540572,-0.2166673802356398,-0.6411013065079645
-1.404327848637802,-0.9926326068719377,-0.1793142486893543
-1.014246201951987,-1.2052435745247683,-0.1666031227889124
0.8784484594067439,-1.382723882752999,-0.2832884505936491
0.00542338816786177,-1.2528180372918165,-1.7983840288904018
0.13737510165051497,0.14728335165700296,-0.18454567074072342
-1.333804329114197,0.13196099967896116,-0.565703804749137
0.9187681453882491,-0.05554028882213183,1.298746443418221
0.5122918439154124,-1.4996436172822474,-0.4344513435463026
0.5393618163326692,-0.7434258582917067,-1.515551309670764
-1.4822818739709154,1.131941407669236,-0.18745246438447247
0.20386388034255562,-1.3108488462349577,-1.4034516890396487
-0.8502580663122923,0.3258774863204706,-1.5867140596890055
-1.4290891137729138,1.7602290892149899,-0.18873455300064096
0.9168869598876823,0.36696327498564,0.9632319947479976
0.4675666805719312,0.8492652939145585,1.8990178774228872
-1.5357246748440647,-0.5274470486996056,-0.2125691782681794
1.4665446031770264,-0.2784002575492073,-0.08787377986214892
0.9850488905868308,-0.9586547528053058,-0.3156721560364981
0.563873921358349,-0.5889649557524255,-0.673627259993495
0.2725774034050543,1.5273459920334342,0.48464019994883367
0.7571639169061551,-1.6761784111859142,-0.21840281829858685
-0.4113319611139299,-0.663085690042353,0.21639355232615884
0.04354318839250104,-0.6548233305539977,-2.1775623717397075
1.4285656272983913,1.7008093212644386,-0.18859154879131002
0.5215984025467827,-0.31597639129393046,0.5553932459328161
-0.6054995860733994,-1.2926395011697898,-0.392049866731224
1.2312987695682225,-0.14743770462917513,0.27810335841466305
0.9299245150087277,-0.11229833062696906,1.2034653918133027
-0.5460293464136476,-0.7694910667788145,-0.05281883291227367
1.2758633970858837,-1.2419210218123329,-0.19782484858795019
0.6317116174983191,-1.4766129071481828,-0.3744414022154473
1.7070916143911776,0.11753077529086366,-0.1668608804255323
-0.9545509543889112,1.684576417995505,-0.16301019949752948
-1.7099940296360336,0.8030024465244212,-0.19514930520688065
-0.02955305361722122,-0.864725459969648,-3.260921623920213
-1.4904997530356494,0.6325832815875794,-0.2470541838753974
-0.7814354851205983,-0.11665712194983359,-1.1179361104939296
0.30626248439051457,1.3941232389689495,1.0144212716033736
1.5034098313356457,0.1709422402474596,-0.08799675338492395
-0.04606069187725877,1.559307450327618,0.5352055220226482
0.3234099703665245,-1.2291975981005494,-1.6259061787714182
-0.795380028428045,1.0809015252046041,0.41530221054820204
0.7206513211300432,-1.006633313243687,-0.876738057356394
0.474712109174964,0.3775070548560011,0.7167376456635317
-1.0565554349249717,0.41138455707985505,-1.0136046740540041
-0.7481826146739775,-1.32631368879325,-0.2431909909402916
0.9929886894397133,-0.9620621892078046,-0.3082575248270979
-1.204454121938663,-0.8710961324690464,-0.1500309311184969
-1.0623030071847852,-0.24262596104753978,-0.768032725764352
-0.8304836524837876,0.16835716422391508,-1.7713527438139405
-0.36538341126371815,0.36355747763276314,-0.1464086327309092
1.6561047975922842,0.656262246471868,-0.17720913863822682
-1.3049057522233478,-0.8328822846286608,-0.1704819821742999
-0.7612990616723628,0.035061613379532744,-1.5740689845483768
1.2592825254265234,-0.536508812195142,-0.0282506744653008
0.178926134932923,-0.029206061173309796,-0.059585506635049044
0.8951432328491027,0.5793182812910078,0.6315303233170702
-0.6437342028931782,1.5796956009593568,0.01879019323463959
-1.5197852946787789,1.0421449075730478,-0.1908715439739187
0.33144727973647764,-1.6112132248124753,-0.3754812815200406
-0.1632848739898591,1.1069220384487937,3.3903732875812373
0.8428263099245834,0.08992335648893061,1.5410249719261941
1.4662086457912824,-1.0082296901784902,-0.18767001074124992
1.190126832845114,1.3032064180709078,-0.1503251088522611
0.6317456532260048,0.426212536152852,1.068686868208298
0.18318989517842396,1.3245092350964478,1.7206262632347096
-1.390090902685908,0.3804505377884674,-0.40418679477232344
0.4573507622981223,-1.1091397987316682,-1.7319053320329745
1.1358878219071296,1.5022621537256173,-0.16744056762881854
0.12709677587499554,-0.4934333945082018,-0.9327816321048144
0.7796950339477657,-1.3272421526150062,-0.39546048629458347
-0.38605342038515883,-1.5394988204362672,-0.3539838106528805
-1.1798427657288477,0.3336574085853643,-0.819155220094368
1.4385233852645714,1.6338528551747724,-0.1882629339331978
-0.43398206536782824,0.40497733588274853,-0.3625610477725166
-1.0282078315318912,-0.518829517734479,-0.20917346563704745
-1.060428818646393,-1.5848700815615262,-0.18497245947305024
1.6849704974998727,1.4130879921579544,-0.18889080198850963
-0.7813131704023115,-0.07715890652302429,-1.2714127313675145
-0.7495036974151952,-0.20902257753412323,-0.6134956478586681
-1.220886053550149,-1.607043891104387,-0.18680320037341722
-0.3906060142778528,1.0634731009996958,2.4833871971118158
-0.6057696384936789,1.3760900322114906,0.45756232120938695
1.294890363107087,0.5211954591545723,0.01025588908138002
1.695823861965147,0.5213265413585751,-0.17628918441997912
-1.2372811285878003,-1.0553712206136063,-0.16541618619518214
-1.118464433093401,0.5516901204748369,-0.6443262739401124
-1.0284800959859797,1.7313049351752865,-0.1767260771368976
-0.37370671587144294,1.53122130186394,0.4007026273662322
-1.1400811130132997,0.22103784885722624,-1.020413227754187
-0.6647311129545428,1.3708769188937813,0.34311369244148804
1.656152883105118,-0.23141985013570066,-0.16145448585608124
-0.515301357918286,-1.1027539258502947,-0.7594840218352696
-1.0253317530867485,-1.6357777845346642,-0.18580620073677634
1.0102792179568076,1.1186709498317786,0.02236187350718095
-1.5274036968065514,0.23544083925981787,-0.3048637369907275
1.2577811148584368,0.05028832011053771,0.2661575791429434
-0.8136360642537619,0.7906772360688108,-0.020954213356125215
0.1806575672677672,-0.14073267615873292,0.034132571395085236
1.3839131545549443,0.1671688343583059,0.028905308348282737
0.8804306804388762,-1.339012764024474,-0.3033353443251983
-0.725336853308086,-0.7297983202122315,0.181952663603926
-0.3646969943489475,0.600309189443564,0.8250002863227143
0.27353075449763686,0.7743153693020824,2.393806330846903
0.8046963378603802,-0.3426255368136324,0.9108347329814362
-1.1617167804335593,0.3397312525127041,-0.8577917619554493
0.7021760862404507,0.9312390528993945,0.9145229124334454
0.3046261449760565,0.10238947356051337,0.09128481147271422
-0.10739307769538717,0.8166827804692164,3.3865577348267637
-1.3296062732970628,0.355250904115155,-0.49939594345457716
-1.3237965888097651,-0.4740572392781849,-0.27488225285142603
1.680309545230874,1.4442356577693938,-0.18894202684355116
-0.5245080887550011,0.8926439295718164,1.605111324907323
0.5012365111289188,-1.0952870218430812,-1.5933920191236464
0.11735045955296515,-1.1533642457766433,-2.4719094138843167
-0.7437818293201732,0.5795696216794775,-0.7162859435511312
-1.7664915586804644,-0.8459603552085239,-0.18938579542443507
-0.42230302460960073,-0.792265542997998,-0.581419388695624
-0.8557573332130647,1.0770404979874595,0.24958215172893455
1.099576733815069,-0.4669365947950262,0.21211348136652383
1.2092317340168983,0.19782503502553092,0.34738567698134737
1.3538236395715366,-1.2712396568606639,-0.19296033305627208
-1.7581779631922256,0.6768454374712005,-0.19662270219902597
-1.6217531470119024,1.0759248429879027,-0.19008063116455234
-0.6618179513487585,0.6267559024705481,-0.29135710502429163
-1.0170224712125844,-0.9764299850606432,-0.12085042194200095
-0.3663438336711576,1.0299762363798957,2.708456287049663
0.5000643963678212,1.1822282069388805,1.333844571059222
0.5992836177528358,0.9325256181485224,1.3458822830136714
1.70229815261354,1.5696052108670915,-0.1891784996489939
1.7166808157277518,0.3249083299311076,-0.17257815548850977
1.6817727588674314,0.1852606914151968,-0.16285208473911528
1.6281234805550842,-0.18914721707408244,-0.15246814363510877
1.6716627468409293,-1.6509313900531304,-0.1893415708307308
0.209107969618075,1.3465938349348483,1.5139592524652106
1.4237867599582508,0.5166444505550039,-0.09414821804661448
-1.4912976458569378,-0.9899619798109924,-0.1840494954256562
0.15354186537266204,-0.9154157163069137,-3.5551522081370486
-0.7409578818256563,-0.6024014416504774,0.3471619516917233
0.06681671327814058,-1.2929464096810237,-1.5823500312616443
-1.060675745363258,1.622207516097072,-0.16833712468839251
1.5347899366178077,-0.9029744809035201,-0.18493498886026075
0.9194039098606678,0.8657183567083193,0.32677358940015466
-1.2283110948695188,-1.5665362594031715,-0.18629289449112876
0.12613006885718697,-1.5604258853955146,-0.516194477092429
-1.4109405765907364,-0.39396585556573305,-0.2812912772544672
0.4595914217835064,0.6019136967295117,1.0529442632792658
-0.3329858687337406,0.8970894663771684,2.858691566281148
-1.3984632828834205,0.2080759659042125,-0.4468338308047663
-1.3098469977233513,-0.3688993168945826,-0.35173940179062846
-0.3998774997679167,-1.119783884231227,-1.1681029852937566
0.988788109766178,-0.995758377097191,-0.31723154828151934
0.6921118926431297,-1.4770244712925493,-0.33341961037995727
0.5340167078197001,0.2493234438013082,1.0580976892665763
0.47127221470879554,-0.16187868148088685,0.7514462963996118
1.25193986252467,-1.5919837077221755,-0.19134788733209798
-0.47288729885274455,-1.4774947272103511,-0.35735033592657756
0.6735534509440471,1.3604513251766894,0.286855979510903
1.0661060181334452,1.4494807520751407,-0.14463674996228648
-1.14408426032694,0.842878450966663,-0.24014666102854237
-0.36892642090621386,1.6258235513564279,0.15572045044036034
-0.4244508775512747,1.0207632873868677,2.357301980380609
0.9240816926760118,-1.542422789803193,-0.21889326568309297
0.11680476604558948,1.633615718911703,0.2529444791578431
0.9986118391689266,-0.7214213970132803,-0.12180959345901766
0.4217522734438384,1.2733605464056967,1.273018957226855
-0.905645025983034,0.5992282673828347,-0.745808105205171
-0.7917080526182846,0.4138840855987227,-1.3877555848290015
-1.4457902668878193,-1.3594693517401018,-0.1866898031957928
-1.67743194464416,0.18118774464454757,-0.23149080544144165
0.3860306623079551,0.9098340151982254,2.431774279777324
-0.6035741712902509,-1.3579698589231428,-0.344456637584134
-0.3069308924077902,-0.5920531165733905,0.4281116795383413
-1.7219918083564625,-1.0979479486081265,-0.18863173145749934
-0.3613058397681035,-0.8870975901490421,-1.327197894574606
-1.2564952464078785,1.4828144427978849,-0.1776854453029184
1.5530505004335842,-1.5290199526290964,-0.1894682845724731
1.251821980756967,-0.07298283660287981,0.26226967594449435
0.0036833122873629162,1.4753971505817323,0.9387930425204213
-0.5358214570090859,-0.7871943293574094,-0.1517132621901783
0.021440806721091978,0.6881956827036149,2.247892649738519
-0.8497142691694327,0.2013821985186052,-1.7498299336410656
-0.05176767516598862,0.21149234206897233,0.1414339180657718
-0.3423804620892825,0.6898810798203229,1.5845489950304166
1.6937481188466292,-1.0305453980792574,-0.1887298680504087
0.4424939329590223,-1.520568486621259,-0.4523836277140261
-0.8076140686830119,-1.5459795934103175,-0.19458013017178102
-0.3501259648501456,-1.038446633314968,-1.5256224387621813
0.5920915374034517,0.5003967778623292,0.9682375227807253
1.0993671153533089,-0.05240937030720371,0.6952893333901522
-1.1631133904459885,1.2500545672387053,-0.13928324849655727
-0.5137242439878403,0.9022097329145975,1.697978567773666
0.47550222760868704,-0.40543116917592664,0.006437625788565467
0.49554280523794036,-0.7090134675650521,-1.6268225095458912
-1.4643067362025552,-0.2798654068945215,-0.2961046918237437
1.7308154389462673,0.8728981769030469,-0.18628611714932872
1.5336396309071991,0.951498302357903,-0.177827639778336
-0.2858114217926298,-1.526166467853221,-0.43954833593196585
-0.1959674930137034,-1.27712028199283,-1.319341378809585
0.9239124608930281,0.7648164794634463,0.3845499027229863
-1.3223680624138496,-1.6856198491925507,-0.1883262693084147
-0.7348575844304062,-0.7751198673819129,0.09159904827501889
0.2231954877578369,0.9569534905164997,3.3486503804658896
-0.35909391227270887,-0.13151940853319305,1.1540872492642533
0.8219822534917552,0.521855809074758,0.8499696681659094
0.002000530209340522,0.07021926486361775,0.20742086985036245
0.2156240724460044,-1.0212187043353504,-3.093984209960029
0.9826402014387102,-1.2335005714327847,-0.2808666949151385
-0.4932406136318737,-1.2539511370024647,-0.6345386248109945
1.6772459751739492,0.020304037187147895,-0.16023378320585663
0.3552874958828912,1.3861481973346077,0.9382846213843562
0.24107069299111317,1.6570168783556267,0.14109070076592856
-0.5598352443419873,-1.4107044722781477,-0.34501744815666696
1.0641049368495998,-0.22030696964244387,0.6509148128398385
1.4570887347861075,0.7721050369200777,-0.15290782499695652
-1.3323218421099765,1.7479085413563464,-0.18791975474270783
-0.29491615264955073,-1.1960649480441643,-1.3628005221741055
-0.14718264787901011,1.3096174144180477,1.9828606534265123
0.03012188041436586,0.04719647724659905,0.1532310252449967
-1.4603527213878287,1.4612917525796767,-0.18690947373285363
-0.049689585330274864,-1.105431604976438,-2.623487080097732
0.03817733887294448,-0.8262066381258594,-3.378219720017327
1.4111207271272854,-0.31168307210352014,-0.054186080182174676
-1.0788290761484458,1.7190375743955675,-0.17923364629990893
0.7503949351745441,-0.2141963678857629,1.319234893817949
-0.9228270142430368,1.612352439481535,-0.14022832222213855
-0.5173851435176579,-0.8324484106838451,-0.38702855276315923
0.7351168724795287,-1.381108487828292,-0.38784013301656506
0.8760591339795389,1.1977481056278207,0.151328192692835
-0.30003182205997775,1.0490946775368122,3.0486414642355495
-1.0044527782458208,0.9834264134133381,-0.04657541511989711
-1.446962071469875,0.6473825275900472,-0.259812609160837
-1.0644719600330017,-0.5635070298549228,-0.18458473715878693
-0.08120524579534101,0.542646335683657,0.9699491841936685
-1.1794415433316427,0.468866425682212,-0.6643164547076748
1.1275692746697552,-0.5503980915031382,0.06959597484023176
-1.1789723625663335,1.633021800762708,-0.18022239964685374
1.327346053834964,-0.3715798173220365,0.002620604382240985
0.5182426451700216,-1.188519964208979,-1.2127008071027963
0.19575078873840107,1.3598922377739386,1.4565125886308448
0.9779475786223172,1.3627932787068266,-0.07794336861765232
-1.7485080401591915,0.41666520999768497,-0.20687633301646324
-0.4678084188959284,-1.6159769571622742,-0.2571285222449056
-0.8373972291275522,-0.7325970304612874,0.08904290397502078
-0.6004244432091526,0.9494414059750879,1.2500774339707548
0.3876228615076918,-0.4035362766916254,-0.28072472409051935
-0.3958176329723477,1.2184034346936974,1.8009892942593535
-0.23623081980864133,0.25457716917795914,0.23824892955452742
-1.2952663254303394,-0.6697988166438662,-0.1930626077526282
1.4978668688260341,1.4506846654395005,-0.18741595679677894
-0.6837398584214844,-1.6268576100869772,-0.20336918565133177
-1.1035027404977458,-1.4300293073634993,-0.18098414216103156
-0.08860031056331331,-0.7624942745803988,-2.4505367237776214
1.6844172572894358,-1.452907640564375,-0.1893581031894452
1.7173914763735132,-1.5507339993426557,-0.18933999947996685
-0.24611147581334875,-0.4531529333179435,1.2833033343439382
-0.3097779801300157,1.6572666649298484,0.12671930786061616
0.9830867996535779,-0.5661296896806879,0.14915080903624087
1.143353232601767,-1.2667221120251742,-0.2146033058463455
-1.0503597026130174,1.180088460541852,-0.06634744385625073
1.7288472842959897,-1.6283229235591692,-0.1893344322614627
1.0198639569886079,0.5201458317596445,0.46348843455412125
0.10480494458569635,-1.49763379547679,-0.676161140746607
-0.22970008014790438,-1.1471443495720488,-1.7974633486325855
-0.5291258493033935,1.3175801792195923,0.845188945657614
0.9636483835484874,-0.8764917369328245,-0.3064412863915841
-1.117519548463341,0.48364573029270197,-0.7586114728392956
-1.7427696927301473,-1.0131971001280957,-0.18875745938260582
1.6616414104065365,0.6767940289822795,-0.17847423465414541
0.7277979733458053,-0.7331037691550202,-0.6122202499199415
-1.3438116719059492,-1.3936695986408616,-0.18522222224237678
-1.4889042516194,-0.36753687504350974,-0.2574201757396969
0.5426919099384768,0.36445226206585285,0.9502058015549191
-0.289806607207043,-0.2619317125000959,1.7312727297411912
0.813219452162895,-1.256797741153342,-0.4208501986678601
1.6041544760408266,1.755280783646723,-0.18922139566983642
-1.1710151039845187,0.5462609158472574,-0.5762505648685988
-0.31803594060579893,-0.40438657512019305,1.6413794673889286
1.6532168370738018,-1.5812466155630647,-0.18935578904686584
1.5207231755241957,0.6137837243682712,-0.15111306094528387
0.1042729623232045,-1.5521440110010514,-0.5363547489242178
-0.3694365334857511,1.0770957423587346,2.5686368509120183
0.5081695144935713,1.661739808628689,-0.015061723606805426
0.020667163321901234,0.9157283267649055,3.9211614289199783
0.49899023372816326,1.2250734565847097,1.1797948650557928
-0.8077320474690473,-0.3820298294475762,-0.11799300285144136
-0.984476611500438,0.39418879794479683,-1.2113861647143649
0.8344549910491662,1.0539710704305363,0.384506118339616
0.7917303676144872,-0.7278632219253582,-0.4103931879266736
-1.1342254443565802,1.2387009240046298,-0.12634276947354717
-1.2706989917948894,-0.39895604741070356,-0.35089142904353954
-0.6862158242698101,-1.3451828776575667,-0.27871534810633736
0.8352631659691259,1.6221484423817898,-0.12830218069059876
-1.5568599319044445,0.3542230707226538,-0.2704343630638565
0.47275380607573886,0.8433600718566464,1.8619187139969304
-0.2841311942950826,-0.7930594593699593,-1.3684450528119256
1.069041272214186,0.0018385623176260199,0.8178637611285221
1.5202007274286287,-1.1022063650863951,-0.18911802528092858
0.6113438685299527,-0.05384199580162437,1.439368909038578
-0.2048327572033794,0.042973134087715296,0.7775043100197646
0.09964358511825817,0.48895857482710153,0.4230648389198095
-1.7805826274046688,-0.8860244986217182,-0.18921431278493836
1.3232762949873969,-0.9630433760042406,-0.1876650771271938
-1.5537903353820977,1.7882915108666517,-0.18916399364789524
0.42601665058272625,0.5748659491665851,0.9492188014893287
-0.38287872152598484,1.3574274481865638,1.1107311165776443
-1.4679468024370037,0.7331978205066195,-0.23118728239468564
-0.6121295670213833,-1.3976840041239382,-0.3096357624803261
-0.9971591859827905,0.45028221866256063,-1.0602681912624863
-0.302642219009516,-0.13787392616810248,1.348623000836713
0.9220929685671572,1.6810502059820178,-0.16259039630741998
-1.6018781228849792,-0.38004434673953913,-0.22174909722220904
-0.7734931647759177,-1.2162782868626723,-0.24386853062490696
-0.18293681119200667,-1.3902526566100655,-0.8833329578800446
-0.6052214750126469,-1.5587970969858942,-0.2355086400935533
-0.559318363668429,-0.2858745503594044,0.7182776424028449
0.46885605749194165,-1.2581847541027826,-1.1120389746058
1.0792162343139782,0.6565393756411977,0.20147736509919695
1.3736645722464547,1.1882244986996666,-0.17262809996301218
0.15847602818376513,-1.2141975627245596,-2.0326206032643173
-1.6253821027353865,-0.8091580162699217,-0.18935583251707036
0.4913355336046545,-0.14296861258929364,0.8668227086871579
0.027634793716235458,0.7938890806204278,3.2278590284385644
-0.04835977645454162,-0.5265104110247042,-0.3779840319991105
0.9056803781937931,-1.5981363364266383,-0.21228389691319557
1.5673005944726506,-1.436714003784781,-0.18950975114483637
-0.6957155966615811,0.27741679501268046,-1.5813284930774478
0.18539840715044734,-0.07198541713002873,-0.023755572902331393
0.043602902512703344,-1.1876110605902797,-2.2450236813276145
-1.6798295387265743,-1.6615864637422086,-0.18922776708469577
1.5827387849753138,-0.5443720498505444,-0.16710713633607957
-1.2567708112450795,-1.6213875744134383,-0.18732521329338536
0.15971095698999271,-0.5348432440875928,-1.3694300838971147
0.5403549612025512,-0.6843214273276712,-1.2719879192020649
1.371699170503048,-0.2641390537109972,-0.0018594190687672818
1.3658921333986254,-0.6947976710520448,-0.14465895645512136
-0.3338571668411565,-0.0829483534421302,1.040372845971573
-0.2772611326526851,-1.6765267089509086,-0.2785670543648809
-1.0474425390154225,-0.701736551891982,-0.09410612020183126
0.15322620909923776,-0.3782612976004533,-0.2518552767324378
0.21308908118326064,-1.2356420993662685,-1.8228567101004727
0.7884394125459812,-0.8435151978081216,-0.6242103510038949
-0.396326672152986,0.4704247420025669,-0.009490047981376107
0.09460001411164656,-1.6783709160277007,-0.334021575697471
-0.6172048913975955,1.151387367811077,1.0150080201084164
-1.2849117492360602,0.3940152237654989,-0.5484000768406881
0.47994770128742203,0.9727540701248959,1.9384942197494623
-1.7037896037378621,1.499590659039486,-0.1891318957167483
-1.740230782718697,-1.6822582973862836,-0.18927526062125752
1.3198798887298124,-0.4298768913697546,-0.018553509816526755
-0.9608934019728923,0.6876116440226767,-0.4827674143304811
1.7087301258662135,0.05284068858258441,-0.16680389364203255
0.8609057907958843,0.526867612179892,0.7758878886698001
-1.6295898626402272,1.0966185117802842,-0.18978457260080261
-1.7114100423567402,0.474746568658848,-0.20982196107864778
1.1723253961129274,0.7225431254386985,0.032243476284168474
1.3457697039766447,-0.6393067304668759,-0.12292067963332974
0.21452428246174257,-1.1326353316363884,-2.467437383081298
1.705135564775039,1.6286259678350463,-0.1892287369564123
0.5297069781653764,0.912237967596104,1.6783430701650568
-0.5676333585672452,-0.5979976985982529,0.6876812399848737
0.8585113509734433,0.19295579380433345,1.4110466163918414
0.7165876475099761,1.4036756633406227,0.14412002790797218
0.8625806283784248,0.9632432634169518,0.39188042706864357
-1.7322465084890208,-0.24939329053521805,-0.2085735278233994
0.5425088376673818,-1.5763476262827862,-0.32702781267141817
1.6541020649300184,-1.1458225854982518,-0.18913904529937858
-1.2913680146582849,-0.6603136762784935,-0.1953418935113301
-1.012571740055669,0.3998476671745554,-1.1370866934033443
-1.700750341939804,1.303385809826263,-0.1890493616860344
0.6031832632344819,-0.10245002813824873,1.3543528176321753
-1.6828078851951465,-0.06722876595087922,-0.22780163280840063
0.7461201028717732,-0.1724168500662664,1.420867798007983
-0.16237024737909567,1.7776999630822468,-0.023300367084344638
0.6326737913986386,0.330894683092292,1.2229097440091703
-0.803585111508117,-0.9727773375823912,-0.14663188668433091
0.6090900371003702,-0.05696117743561373,1.4295130165825125
0.7532398747171766,1.7117698001964967,-0.13945324668896295
0.6613573567792442,-0.2420473986076506,1.177087967875296
0.4838999617195441,1.4958315312063208,0.30018635621498974
-1.2114416980937446,-1.6889859109813739,-0.18766774512904968
0.6262668783169713,-0.995518277201201,-1.2584763540157602
1.0280837643632732,0.5840874696275393,0.3644608128901768
1.5455579803104025,0.9190125964737783,-0.17757422321931762
0.5878419803959921,0.21017300105034956,1.3050435188125222
-0.18785060298953418,0.039649038449893446,0.7790735580482769
1.6311153486948473,-0.7006814251970052,-0.18121560804677106
1.465278745365014,0.26226826395229397,-0.07000460499270202
0.9297300316655104,1.1081855035562054,0.14016098877002942
-1.2661191015279714,-1.4316380622410259,-0.1843019298331938
-0.913397975651873,-1.3674109240629642,-0.1863005331556046
0.12067963980805378,1.5023687395424201,0.7410877813450036
-0.07642522052778446,-0.42049874167976836,0.6605512611732304
-0.779212321364994,-0.5781596710444088,0.26870569811030653
-0.47952618284625714,0.5036973602024698,-0.21889530914358804
1.012909628165648,-0.8752212771996761,-0.25726313488465957
0.5684469549945707,-0.6056036566275808,-0.7429318553169588
-0.6228094953092753,1.5302747812087079,0.10600309672632566
0.08873155601544964,-1.0066529468465686,-3.3335301768227237
0.21823157579842192,0.04887027136384962,-0.10185089021447892
1.6006371476217622,0.2673778412457581,-0.143627069848892
1.6816729326524094,0.8684530510323147,-0.18461390100545236
1.4341295795507523,0.051695020532601624,-0.02169449929669104
-1.1900901530015464,-1.2568519936298308,-0.17503254368242688
-0.8406939503825174,1.0463720643718075,0.2885777671120719
0.10646973414084775,1.0777827877374397,3.56675155687633
-0.166397448017084,-0.7940006985001264,-2.169205713024946
0.34294567958290806,0.11685547382846724,0.24189638941052188
0.8201356290867025,-0.6688857092765469,-0.1959282741569861
0.872576111477596,-1.080808532788306,-0.4583199621762498
0.16640277820559704,1.1229117878420678,3.1435548709584675
-0.38743123824024206,0.1262169875386729,0.03419793380436712
-0.32450442817394476,0.7346587587537111,2.0105597262639203
-1.4828680720997856,-1.4592677700777181,-0.18800975284545052
1.600047283503932,-0.2615911113035344,-0.14844980266341004
0.47458831775851557,-0.32776354086988985,0.34399997649684777
-1.2419225765776831,0.5075734824848729,-0.5187604113648824
-0.7646073069805278,-0.6933098594830122,0.20765063612447962
1.2561772505344282,1.121476219293539,-0.14140947790772132
-0.9980226883625674,-1.2801662341091833,-0.1743758765130185
-1.3107549734847967,0.5137897675436067,-0.4246106757702585
-0.19207513560177414,-0.3516085678006081,1.544197177504387
-0.7342235474411422,-0.4518726462915729,0.3089867118709934
0.005368893401252427,0.48179531832559613,0.48618797560973265
-0.03624937433312691,0.57361032805813,1.1942695828032124
-0.528436160801388,1.3629435629309705,0.6863371219325635
-0.6232473591573455,-0.46470280123633056,0.7630557250088761
-0.9790470858165621,1.6086588339768895,-0.15247147748749074
-0.31281714726387416,0.5944689740526929,0.9879533178743678
0.23311247709631766,1.7453725823814532,-0.00514499182863985
1.6303620966193129,0.1435921590057744,-0.14838724993706143
0.8523553957438614,0.004162439485294201,1.519623342697435
1.4970108518151568,1.1067763003987103,-0.18054407703641434
0.4363898621610459,-1.1638405101582647,-1.5895672892217083
-1.6046155090599312,-1.0952462204102615,-0.1873908334776429
0.7372457106743127,-0.9309697721893033,-0.8449711941118133
1.0264312447363375,-0.09508746914692316,0.9101030797728572
1.5049491279743061,0.08698053770761278,-0.08475443624387594
1.556928985281537,0.7393344895861774,-0.16944709420563211
1.6993691309244447,-0.5457794836674614,-0.18033162107148723
-0.16471986184010265,0.789498775193907,3.063139607560106
0.4642932358458165,-1.6247320137924548,-0.3148101655107542
-1.2474032564787367,-1.6145708973656832,-0.1871603109589407
-1.0225711898200933,1.0508772725516218,-0.04076731478916578
-0.6228202949262426,0.14908659583931796,-1.3257832267575955
-1.2472158349843072,0.9125027360490147,-0.20617055413894
1.6303903128583357,-0.8186574438718569,-0.18500644995119367
0.5433159121795829,-0.9451807196269402,-1.7294902860548316
0.489574656415347,-1.6403096982388898,-0.29410077675885027
-0.5265886552062145,1.076390950258019,1.6369283534559795
0.5873120588752687,0.38897505604667665,1.0402251406571865
-1.31563092405265,0.2153011895422262,-0.5852561135600095
0.9159864604012681,-1.0669985923726333,-0.3980576603172226
-1.4697645784547657,1.7327887743528951,-0.18882025144009393
-1.6521125048755396,-0.06090247588181728,-0.2378773555635913
-0.7882216033601224,-0.8852406892205704,-0.0689248798290931
-0.9663555459729204,-0.16024931550324076,-1.0763628688664602
-0.2022639829126512,-1.635735472017225,-0.33574368386319126
-0.8350734962859652,-1.157193166854085,-0.20208708019455301
0.0006701357103425397,-0.7835367504778123,-3.0478204194464174
1.1301121096050546,-1.1847359064909508,-0.22457045955604882
0.9063540767364175,-1.5703814016653317,-0.2167934062578444
1.3498263336111687,0.7277453087131552,-0.1062018762083628
0.4938518166132692,0.9398441365563793,1.8706663130706742
-1.532142403941898,-0.9812817745797016,-0.18552734213700053
0.685024709119528,-0.07981019512327316,1.559377623037489
0.7521324734485515,-1.652066403496794,-0.22478862797502605
-0.5351940917280582,-1.0393246945638135,-0.7091940678620158
-0.20003738019892772,-0.32618796278140677,1.6216504886000083
0.4959760850723207,1.2876388373609613,0.9522112325800144
-1.0074861848132912,-0.5361312211192192,-0.16894933338823095
0.4439428882789218,-0.9762748078837747,-2.2316117027622453
-0.8300877609009367,-1.333504931404352,-0.20547416712291822
0.7615568820245449,-1.439914798987386,-0.31847054024113525
0.034239631885431235,-0.5144353343779865,-0.7329349215142503
1.5742506235175735,1.2818657236394666,-0.18705741384398006
-1.2413430976822364,0.7427004320552237,-0.30475758433963246
0.2294668278212765,0.12119049133943195,-0.12235011281977709
-0.7822839539610416,-1.2906731445770478,-0.2302069276182227
-0.8860904982602705,0.8525477351341412,-0.02159405028993656
-0.8446520305791503,-0.12316859078440073,-1.1983212933975043
-0.292041287088483,0.8444619975706003,2.885763338161131
1.7176022617818214,0.5001710413923778,-0.1778242590831652
0.2673188494501934,1.663936419401654,0.11378079061669792
0.05409618795164789,1.2205039850051667,2.7493529040068587
0.6021641973511482,1.6175447586409848,-0.020816681204971363
-0.22946921260090672,1.2811049552356215,2.016886698916896
0.928102555232578,-0.37712450013332927,0.6643601050704425
-1.3095791683917795,-1.2144273625792694,-0.17922948359205926
-0.6899673547260302,-0.20160666937013882,-0.39693116497374764
-0.7348898800529825,1.6143290092431288,-0.07068790466103188
1.116850571526247,0.5853397453855201,0.20625392502252918
-1.7374070989060908,0.15662994721371992,-0.21626555092142488
-1.4295448987867736,-0.6222614670202984,-0.20614307812168078
-0.16174280582642714,-0.21451285147049493,1.4751114670849828
-0.8013596870383868,1.1863953432413827,0.32363339531132945
-0.3216154253622705,-0.23468051325567604,1.6346335942428987
-0.6817819888260056,0.32681784424471616,-1.4762670444913424
-1.6124253115004137,0.9310602736065628,-0.19411955067853975
-0.8134198111959237,0.41567759860035114,-1.3822887358685203
-0.016045864899251264,-0.38113374541613526,0.5198451028954938
-0.8231764178486476,-0.4108611196109281,-0.08040309624189845
-1.2737536686338415,-0.2077562489491872,-0.5276344942977262
0.6653014407089102,-0.5587696814199387,-0.14460107730519928
0.24413545339811993,-1.276079469653291,-1.5371388366827976
-1.7405964648223722,0.12454764085501012,-0.21590889908872707
0.2753057214426599,-1.0752839846067033,-2.6311234885928343
-1.5822272585292063,1.5475180093934597,-0.18878843904870674
1.0144324756334395,-0.6423363747907539,-0.0007894322644344785
1.4816632267286356,-1.5102162387622937,-0.1896851293242698
0.7265423234643997,-1.1681814472743883,-0.6697159772446938
0.844840029503442,-0.7980749603628727,-0.4213185851205408
-1.6120035378204942,0.8507391006126593,-0.19802008644463803
-0.006232600022918023,0.07988156114426129,0.2177562784259909
-1.1331395670897517,-0.3339164485213802,-0.5222962617011088
-0.20742400147028653,-0.758846600885505,-1.6413248389156943
-1.5862521645094443,0.19972221207308397,-0.26960219192187795
0.714768123355434,0.11846783455910033,1.6479429692505616
-1.204868648107262,1.757048691385642,-0.18595243778892562
-0.2974547269041995,0.4728440677566383,0.33933931297886344
1.3162589035437975,-0.9308344787713696,-0.18469629539227517
1.1474255561596962,-0.09912174212023861,0.5210419638620257
-0.9793093041711795,-1.2768266373026471,-0.1754116468854862
-1.5843214169261042,1.484557832452802,-0.18863079406888444
1.6098124320090041,-1.2265890568421693,-0.189371868500971
0.8620466846646407,-1.302193870702966,-0.33764028018160347
-0.40216548022132775,-0.4928296516595751,1.2889248445170114
-0.8586550003009578,1.7443249225620068,-0.16045959451292466
0.06443518023725953,-0.9850349400417617,-3.405586971155154
1.6264013780098672,-1.56118309189685,-0.18937345341097764
1.0898515394724144,1.3784358431396664,-0.13538582563026974
1.7174337743441164,-1.1259787960019425,-0.18912197941797065
1.6798727237938653,-1.4479457064241463,-0.18936095457279553
1.0168546660733924,-1.1353657909316326,-0.2827254345034855
-1.5898242458594687,-1.417996762534091,-0.18857715086692164
-0.08435459738188793,-0.8037181693376109,-2.744097085512029
-0.9204726586966315,-1.1105354426781031,-0.16155514488497
0.16474106277626055,-0.23654988035198268,0.07144608596198206
-0.2098804258883371,0.5632224118561996,1.041973527901382
-0.7645267875858047,0.05979613874887394,-1.6322666660860976
-1.0551039404586129,-0.21937738864212813,-0.829941649205386
0.152910292262642,-1.0589216745001728,-3.028550028402876
0.39584529545295455,0.4416647262629295,0.5141592568843707
-0.8768290060279759,0.4979879342862174,-1.091561984525835
0.02453797053206891,-0.9374763335407205,-3.4634729780099116
-1.0601283588024466,0.1925641779191254,-1.2784500565536308
-0.034964309758695716,0.8464646414234355,3.642507054375396
-0.5909387608768185,-0.6203341303230719,0.5834942186090785
1.3767542869366087,-1.2546230635017173,-0.1922635001159306
1.1719849604312558,-1.5732639057738702,-0.1937259618900856
0.750848460518875,-0.06760019514345575,1.6023021032623534
-1.1153655720198257,0.13394914368067995,-1.1266319084838667
-1.6334441964513557,0.029412931304031147,-0.2485897710134828
-0.643546575400107,0.9922557953936215,1.0471450210899922
0.17144168681428296,-0.03852900772787886,-0.046744653752563294
1.5939782130955873,-1.5738665055557617,-0.18939280925227064
0.9712688171107026,-1.579175894693006,-0.2068223136707639
0.01322049565881482,0.005473848970150996,0.2865226285375908
1.3564367125989134,0.11017309492765544,0.07523567810737851
0.07952383610076154,-1.006940403959979,-3.329951689568528
0.7701872673848795,1.2955006595893337,0.21798419848576187
-0.7925263785417531,-0.3009947461213598,-0.35921813347161236
-1.206033247863991,1.2740191868515978,-0.15466703663873013
-1.1809649740307737,0.5336423141552654,-0.5784361130648283
-1.7581180226332127,1.4967476122095724,-0.18921774150161
-0.5626745183549273,0.34064299844787654,-1.050146857076441
-0.28495175809975576,0.7377565471325084,2.220948238647631
1.4925127476833455,-1.1158935139484907,-0.18944172722595373
0.7428174802120844,-0.04475487107274978,1.629958299921072
-0.30318397947570463,-0.7133702613513813,-0.6584429425471258
1.137536896893331,0.42453698580237587,0.33215156203827734
1.0406625003428356,1.3493783722550654,-0.10703281230524214
-0.11230369776206414,0.43561496271923633,0.3875563223313984
-0.5186559642047853,0.14294834049929395,-0.75937395472512
0.5202834654655302,-0.8449479327366827,-1.8622907268152813
-1.704225431739045,-0.009330402664082322,-0.22372223057245189
-0.9739706221243415,1.0818934212641729,0.024655681995351116
-1.6526254652688364,0.3919663381924349,-0.22786361367297342
0.7780470273737427,0.8148815994431063,0.705816424653852
-1.4323419914653415,-1.2939429063199288,-0.18558072080614277
0.9405410553778824,-1.3855460758398257,-0.25351317522392774
0.8657033230562852,1.0334745269129872,0.3280396462927828
1.118581481344867,0.7695008269018667,0.06706051338815378
0.5206425231797343,1.140672766946298,1.3800038231404084
-0.1259503387878477,-0.5266116374740296,0.10197101619295464
-1.4574741486270575,1.393496784125373,-0.18617368154172556
1.49338413199484,0.184669053259303,-0.08201199268794511
-0.7439723153765834,0.6426526021337222,-0.4333623003135446
-0.45876419771901683,1.7499176106368435,-0.06612247967399132
1.6733603393766687,-0.10251504994832529,-0.16100652214578062
1.4126116283162118,-0.2633376929632091,-0.04247322757805744
0.7796168193222951,-0.28645994865733676,1.1036216047391882
-1.4648123195083655,0.005717145241398093,-0.36693279214200547
-1.7459957031685551,0.6887999541275217,-0.19697197498142774
0.2869441476726884,-0.9193217311900399,-3.161678384030746
-1.157850843905573,0.5079656823292182,-0.6496883981408325
1.194572942197422,1.2251324557994825,-0.138411346818237
-0.586783673696722,0.6244284712037782,-0.02961707274040496
-0.6115234654774683,-0.733716019802212,0.17621950680078474
0.8498990946873064,-0.6230036757408506,-0.023761702190098922
-1.0660959951092324,0.9673377675837583,-0.11517902383714113
1.7156712129019944,1.2673299681394843,-0.18865049958323765
1.493571794641163,-1.300769619728154,-0.1900056818289467
-0.3915427339861661,-1.2422880103738243,-0.9149939134285061
-0.503243582563115,0.9527424396926768,1.8514533351014812
1.2454059054898596,-0.5947048399285891,-0.05618944911491507
-1.5784924442674049,-0.8787919230953086,-0.18752266961737435
1.4095703896462148,-0.4088878951220229,-0.08102516287413522
0.7956498218581378,-0.20776403102948396,1.308689537300537
-1.2503510250029388,-0.6959617119793602,-0.17978367498527278
0.48967265347267713,1.5928682741601385,0.09256467414858721
-1.3457826653905562,0.931654448357032,-0.2025885630724606
0.9728996199516836,0.24304173264354742,1.0182098378569608
-1.195596793904466,0.5779006480068799,-0.5035111587566616
0.4638147562629472,1.576607537801334,0.14444430826224605
-0.9839006586869777,1.594644294392488,-0.15040622341279578
-0.4538104665312786,1.7642719482173963,-0.0767773934493867
-0.6667658886548465,0.322217707412663,-1.4467448015892783
0.04739215732774967,-1.3505251741526332,-1.2631653334983746
-0.9371496206130094,-0.7730295351931863,-0.016747514773174876
1.4332835945436702,-0.33563781273633864,-0.07743829746195721
0.6470604624689705,-1.3558012509278772,-0.5180895003627294
1.1527275920657445,-1.4316360933142134,-0.20096955621864504
-0.8705045345392745,1.7454892558081028,-0.16232486341252583
0.8324812156922252,1.0388211326387635,0.40430483204858847
0.9523896245033293,1.1606038647757215,0.06817307961171883
-1.7317665529634012,1.2553543002124865,-0.1891826642558169
0.030986350304306968,-1.5599327556116942,-0.5179262445823101
-0.5938017839070211,1.3965051480869222,0.43036385884775935
0.43278667819170485,-0.0712813985360311,0.665683205382882
-0.32110672686641595,0.1686934617671954,0.2087339290284616
-0.40370896026354414,1.4354193582641621,0.7027384699667246
0.21193961541428677,-1.5557576166571012,-0.5073414142427192
0.5778982792553329,0.1870627514706809,1.300224175255391
0.9280605731091914,0.014171951230497012,1.3097404756622406
1.0761263733754542,0.45303102978789495,0.4327880587834875
0.09755854107081229,1.315330642891973,1.9487463792838018
-0.7099931638817207,-0.6480016058107965,0.34969028582070383
-1.550490432191021,-0.456443958279528,-0.22121626724409219
1.0555600164845764,1.6391773117884356,-0.17306053008563382
-0.834962671281123,0.2621351780136698,-1.7057396290429467
1.5188675992499612,-0.24868762100301822,-0.11422530961059216
0.42168472013261205,1.4167740507029296,0.6564808373542926
0.6675774216362395,1.1215990473379949,0.808282842666612
1.7168260738318304,-0.0333062865942349,-0.16859839751343278
1.1096255306094438,-0.8452091067529722,-0.18895530342483188
-0.7252954290141338,1.6240688588351992,-0.07293644806127585
-1.1950242688650226,0.5976986940157623,-0.4805344899556687
-0.6122533475696325,0.6961854460829143,0.2619076007490294
0.8365076184692648,-1.2069906601734552,-0.4321329468406416
-0.8205579172128885,0.14440018915126657,-1.7698888044623342
1.7369779276664257,1.412776579328743,-0.18906212146458612
-0.6010946990180901,-1.3970600540436136,-0.31914296475711573
0.7183575262942262,1.6184450641260801,-0.08287353003457894
-0.36964403413755303,-0.28361792671756714,1.6298378804773954
0.7176199659063015,-0.4562007638386768,0.4405336122458592
1.559701358504745,1.4839962378554996,-0.18839466421742768
-0.038930861575300166,1.3745182433386096,1.5886653354621132
0.6573370738991953,1.4128046363588802,0.21666305667699934
0.3671582615295071,0.5525573479845831,0.8201357620802954
1.3368004304888923,-0.28341350827462564,0.03156733806315652
-0.3729270310892901,-0.354876875566567,1.6801077986741437
1.6764885179109748,-1.07825557995263,-0.1889127878265139
1.0908364078490194,-0.8240745936553775,-0.18339976541638586
1.7054404262112999,-0.13323351025197172,-0.16811347881116845
